<?xml version='1.0' encoding='UTF-8'?>
<metadata>
  <groupId>com.google.mediapipe</groupId>
  <artifactId>tasks-vision</artifactId>
  <versioning>
    <latest>0.20230731</latest>
    <release>0.20230731</release>
    <versions>
      <version>0.1.0-alpha-1</version>
      <version>0.1.0-alpha-2</version>
      <version>0.1.0-alpha-3</version>
      <version>0.1.0-alpha-4</version>
      <version>0.1.0-alpha-5</version>
      <version>0.1.0-alpha-6</version>
      <version>0.1.0-alpha-7</version>
      <version>0.1.0-alpha-8</version>
      <version>0.1.0-alpha-9</version>
      <version>0.1.0-alpha-10</version>
      <version>0.1.0-alpha-11</version>
      <version>0.1.0-alpha-12</version>
      <version>0.10.0</version>
      <version>0.10.1</version>
      <version>0.10.2</version>
      <version>0.10.5</version>
      <version>0.10.5.1</version>
      <version>0.10.5.2</version>
      <version>0.10.7</version>
      <version>0.10.8</version>
      <version>0.10.9</version>
      <version>0.10.10</version>
      <version>0.10.11</version>
      <version>0.10.13</version>
      <version>0.10.14</version>
      <version>0.10.15</version>
      <version>0.10.16</version>
      <version>0.10.18</version>
      <version>0.10.20</version>
      <version>0.10.21</version>
      <version>0.20230731</version>
    </versions>
    <lastUpdated>20250131195505</lastUpdated>
  </versioning>
</metadata>
